<?xml version="1.0" encoding="UTF-8"?>
<project-private xmlns="http://www.netbeans.org/ns/project-private/1">
    <open-files xmlns="http://www.netbeans.org/ns/projectui-open-files/2">
        <group>
            <file>file:/C:/Users/Matheus/Documents/NetBeansProjects/Pessoas3/src/pessoas3/Pessoas3.java</file>
            <file>file:/C:/Users/Matheus/Documents/NetBeansProjects/Pessoas3/src/pessoas3/Aluno.java</file>
            <file>file:/C:/Users/Matheus/Documents/NetBeansProjects/Pessoas3/src/pessoas3/Professor.java</file>
            <file>file:/C:/Users/Matheus/Documents/NetBeansProjects/Pessoas3/src/pessoas3/Main.java</file>
        </group>
    </open-files>
</project-private>
